escalation_id,alert_id,created_at,validation_started,validation_completed,resolution_time_hours,escalation_status,resolution_reason
1,2,2026-09-20T08:57,2026-09-20T09:03,2026-09-21T12:15,27.21,Open,
2,3,2026-09-20T09:54,2026-09-20T10:07,2026-09-21T22:31,36.4,Resolved,Validated and routed for review
3,4,2026-09-20T12:39,2026-09-20T12:49,2026-09-21T18:47,29.98,Open,
4,5,2026-09-20T08:15,2026-09-20T08:25,2026-09-20T17:51,9.43,Resolved,Validated and routed for review
5,6,2026-09-20T08:13,2026-09-20T08:53,2026-09-20T21:37,12.75,Resolved,Validated and routed for review
6,7,2026-09-20T12:39,2026-09-20T13:10,2026-09-21T02:51,13.7,Resolved,Validated and routed for review
7,8,2026-09-20T10:22,2026-09-20T11:18,2026-09-21T18:51,31.56,Open,
8,9,2026-09-20T11:36,2026-09-20T12:02,2026-09-20T23:28,11.45,Open,
9,10,2026-09-20T10:52,2026-09-20T11:03,2026-09-20T19:07,8.08,Open,
10,12,2026-09-20T11:03,2026-09-20T12:02,2026-09-21T01:43,13.69,In Progress,Validated and routed for review
11,13,2026-09-20T08:22,2026-09-20T09:13,2026-09-21T09:25,24.21,Open,
12,15,2026-09-20T11:13,2026-09-20T11:23,2026-09-21T08:09,20.77,Resolved,Validated and routed for review
13,16,2026-09-20T11:05,2026-09-20T11:46,2026-09-21T00:13,12.46,Open,
14,18,2026-09-20T08:23,2026-09-20T09:10,2026-09-20T18:54,9.75,In Progress,Validated and routed for review
15,19,2026-09-20T08:40,2026-09-20T09:39,2026-09-20T19:33,9.91,Open,
16,20,2026-09-20T11:14,2026-09-20T11:36,2026-09-21T05:00,17.42,In Progress,Validated and routed for review
17,21,2026-09-20T09:23,2026-09-20T09:51,2026-09-20T23:55,14.08,Resolved,Validated and routed for review
18,22,2026-09-20T10:16,2026-09-20T11:05,2026-09-21T20:55,33.85,Resolved,Validated and routed for review
19,23,2026-09-20T08:36,2026-09-20T09:19,2026-09-21T17:15,31.94,Resolved,Validated and routed for review
20,24,2026-09-20T10:05,2026-09-20T10:20,2026-09-21T04:03,17.72,In Progress,Validated and routed for review
21,25,2026-09-20T12:45,2026-09-20T13:04,2026-09-21T14:20,25.28,Open,
22,26,2026-09-20T09:57,2026-09-20T10:54,2026-09-20T13:59,3.09,In Progress,Validated and routed for review
23,28,2026-09-20T11:25,2026-09-20T11:47,2026-09-20T16:02,4.25,Resolved,Validated and routed for review
24,29,2026-09-20T10:41,2026-09-20T10:59,2026-09-21T11:16,24.28,In Progress,Validated and routed for review
25,30,2026-09-20T11:54,2026-09-20T12:08,2026-09-20T23:08,11.01,Open,
26,31,2026-09-20T12:47,2026-09-20T13:26,2026-09-21T00:21,10.93,Resolved,Validated and routed for review
27,32,2026-09-20T11:39,2026-09-20T12:21,2026-09-21T09:55,21.57,Open,
28,33,2026-09-20T09:10,2026-09-20T09:47,2026-09-21T04:33,18.78,Open,
29,34,2026-09-20T08:56,2026-09-20T09:10,2026-09-21T16:46,31.61,Resolved,Validated and routed for review
30,35,2026-09-20T11:36,2026-09-20T12:19,2026-09-20T16:28,4.16,In Progress,Validated and routed for review
31,36,2026-09-20T11:59,2026-09-20T12:37,2026-09-21T03:40,15.06,Resolved,Validated and routed for review
32,37,2026-09-20T08:05,2026-09-20T08:53,2026-09-21T20:35,35.71,Resolved,Validated and routed for review
33,38,2026-09-20T12:34,2026-09-20T13:27,2026-09-21T00:31,11.07,Resolved,Validated and routed for review
34,39,2026-09-20T10:54,2026-09-20T11:06,2026-09-20T23:04,11.98,Open,
35,40,2026-09-20T11:52,2026-09-20T11:57,2026-09-21T22:22,34.43,Resolved,Validated and routed for review
36,41,2026-09-20T10:14,2026-09-20T10:51,2026-09-21T14:45,27.91,Resolved,Validated and routed for review
37,42,2026-09-20T08:54,2026-09-20T09:54,2026-09-21T17:24,31.51,Resolved,Validated and routed for review
38,44,2026-09-20T12:19,2026-09-20T13:02,2026-09-20T21:47,8.76,In Progress,Validated and routed for review
39,45,2026-09-20T09:22,2026-09-20T10:01,2026-09-22T07:58,45.95,Resolved,Validated and routed for review
40,46,2026-09-20T08:00,2026-09-20T08:43,2026-09-20T21:44,13.02,Open,
41,47,2026-09-20T08:57,2026-09-20T09:25,2026-09-22T04:04,42.66,In Progress,Validated and routed for review
42,48,2026-09-20T10:02,2026-09-20T10:10,2026-09-20T20:21,10.19,Resolved,Validated and routed for review
43,49,2026-09-20T08:40,2026-09-20T08:50,2026-09-21T11:43,26.88,Open,
44,50,2026-09-20T12:32,2026-09-20T13:26,2026-09-20T22:58,9.53,Resolved,Validated and routed for review
45,51,2026-09-20T12:03,2026-09-20T12:43,2026-09-20T20:19,7.61,Resolved,Validated and routed for review
46,52,2026-09-20T11:36,2026-09-20T11:54,2026-09-21T21:28,33.58,Resolved,Validated and routed for review
47,55,2026-09-20T09:42,2026-09-20T10:32,2026-09-20T23:07,12.6,Resolved,Validated and routed for review
48,56,2026-09-20T11:11,2026-09-20T11:44,2026-09-22T07:18,43.58,In Progress,Validated and routed for review
49,57,2026-09-20T09:01,2026-09-20T09:21,2026-09-20T18:59,9.64,In Progress,Validated and routed for review
50,58,2026-09-20T08:10,2026-09-20T08:52,2026-09-21T05:41,20.83,Resolved,Validated and routed for review
51,59,2026-09-20T09:52,2026-09-20T09:57,2026-09-20T14:21,4.41,Resolved,Validated and routed for review
52,60,2026-09-20T08:30,2026-09-20T08:49,2026-09-20T13:06,4.29,Open,
53,61,2026-09-20T10:49,2026-09-20T10:58,2026-09-21T06:26,19.48,In Progress,Validated and routed for review
54,62,2026-09-20T12:08,2026-09-20T12:26,2026-09-21T16:09,27.73,Resolved,Validated and routed for review
55,63,2026-09-20T12:52,2026-09-20T13:33,2026-09-21T07:37,18.07,In Progress,Validated and routed for review
56,64,2026-09-20T11:28,2026-09-20T11:45,2026-09-20T19:54,8.15,Resolved,Validated and routed for review
57,66,2026-09-20T11:40,2026-09-20T12:07,2026-09-21T10:45,22.64,In Progress,Validated and routed for review
58,67,2026-09-20T08:27,2026-09-20T09:15,2026-09-21T18:00,32.75,Resolved,Validated and routed for review
59,68,2026-09-20T08:50,2026-09-20T08:58,2026-09-21T00:39,15.69,In Progress,Validated and routed for review
60,69,2026-09-20T08:55,2026-09-20T09:15,2026-09-20T17:45,8.51,Resolved,Validated and routed for review
61,70,2026-09-20T11:49,2026-09-20T12:02,2026-09-21T10:35,22.56,In Progress,Validated and routed for review
62,71,2026-09-20T11:56,2026-09-20T12:16,2026-09-22T06:44,42.48,Open,
63,73,2026-09-20T11:46,2026-09-20T12:42,2026-09-22T06:35,41.9,Resolved,Validated and routed for review
64,75,2026-09-20T08:50,2026-09-20T08:58,2026-09-21T09:08,24.17,Resolved,Validated and routed for review
65,76,2026-09-20T08:07,2026-09-20T08:17,2026-09-22T05:02,44.76,Open,
66,77,2026-09-20T09:25,2026-09-20T09:56,2026-09-21T11:18,25.37,Open,
67,78,2026-09-20T11:25,2026-09-20T11:33,2026-09-20T22:47,11.24,Open,
68,79,2026-09-20T11:19,2026-09-20T11:40,2026-09-22T08:26,44.77,In Progress,Validated and routed for review
69,80,2026-09-20T10:26,2026-09-20T10:58,2026-09-21T12:39,25.68,Resolved,Validated and routed for review
70,81,2026-09-20T12:44,2026-09-20T13:31,2026-09-21T15:56,26.43,Open,
71,82,2026-09-20T09:37,2026-09-20T10:00,2026-09-20T19:24,9.4,Open,
72,83,2026-09-20T12:56,2026-09-20T13:48,2026-09-21T10:14,20.43,Resolved,Validated and routed for review
73,84,2026-09-20T10:40,2026-09-20T10:48,2026-09-20T14:30,3.7,In Progress,Validated and routed for review
74,85,2026-09-20T12:17,2026-09-20T13:16,2026-09-21T09:19,20.06,Open,
75,86,2026-09-20T12:20,2026-09-20T12:30,2026-09-21T19:26,30.95,Open,
