loan_id,customer_id,loan_type,principal_amount,outstanding_balance,interest_rate,monthly_repayment,loan_status
30001,10158,Home,120000,79716.21,7.88,962.13,Active
30002,10016,Home,250000,109114.67,6.04,784.25,Active
30003,10064,Personal,15000,14599.86,7.61,293.32,Active
30004,10123,Personal,350000,198359.52,7.03,3930.56,Active
30005,10100,Home,15000,8263.39,6.09,160.1,Active
30006,10015,Vehicle,350000,239239.82,7.57,5792.37,Active
30007,10250,Home,75000,57286.84,6.22,376.84,Active
30008,10015,Personal,75000,53451.45,8.15,652.76,Active
30009,10091,Vehicle,40000,18437.73,7.1,131.49,Active
30010,10179,Home,15000,11897.63,6.45,88.36,Active
30011,10145,Home,75000,65783.93,7.69,787.41,Active
30012,10139,Home,350000,130871.0,5.65,911.37,Active
30013,10057,Home,350000,122650.71,7.98,2993.11,Active
30014,10207,Home,40000,37153.28,7.78,749.43,Active
30015,10016,Home,40000,33514.04,7.79,676.18,Active
30016,10246,Home,250000,179797.62,6.41,3510.37,Active
30017,10035,Vehicle,250000,212215.2,8.09,1650.58,Active
30018,10082,Home,180000,88315.1,7.09,2118.5,Active
30019,10097,Home,120000,51627.54,7.47,380.52,Active
30020,10243,Personal,15000,6970.67,6.36,51.4,Active
30021,10057,Personal,25000,23502.83,5.88,149.71,Active
30022,10020,Home,180000,82038.43,7.89,2566.63,Active
30023,10211,Personal,180000,113647.83,6.22,2680.5,Active
30024,10178,Home,120000,101498.71,7.45,3154.91,Active
30025,10099,Home,250000,240133.54,7.89,2899.54,Active
30026,10226,Home,250000,103475.0,6.79,789.25,Active
30027,10167,Personal,75000,33935.52,5.7,1027.78,Active
30028,10076,Home,120000,113945.66,5.7,2660.37,Active
30029,10228,Home,25000,17365.98,7.92,543.55,Active
30030,10087,Personal,350000,277843.27,6.66,1903.89,Active
30031,10043,Personal,250000,112243.84,5.77,2624.23,Active
30032,10250,Home,120000,91941.2,6.3,2809.54,Active
30033,10013,Home,350000,156366.58,6.47,1773.13,Active
30034,10023,Home,350000,166528.29,5.57,3878.18,Active
30035,10164,Home,25000,16208.74,5.81,178.41,Active
30036,10121,Home,120000,48889.95,6.97,1170.05,Active
30037,10095,Vehicle,180000,84158.51,5.62,918.35,Active
30038,10120,Home,120000,84657.04,5.91,540.8,Active
30039,10171,Home,180000,154647.63,6.62,1163.96,Active
30040,10059,Personal,250000,216398.82,6.63,1630.02,Active
30041,10176,Vehicle,350000,248783.5,6.14,4825.89,Active
30042,10021,Home,15000,9994.86,7.93,83.17,Active
30043,10174,Vehicle,40000,17031.1,7.54,412.11,Active
30044,10243,Vehicle,75000,64449.77,5.84,710.36,Active
30045,10021,Vehicle,250000,119302.29,7.72,2896.86,Active
30046,10214,Personal,180000,166285.23,7.97,5208.47,Active
30047,10023,Home,250000,174448.54,7.81,1438.6,Active
30048,10118,Vehicle,15000,12682.9,7.18,99.71,Active
30049,10201,Home,250000,111068.67,7.03,863.12,Active
30050,10195,Vehicle,25000,23317.62,7.02,720.19,Active
30051,10202,Home,180000,162553.13,6.21,1068.3,Active
30052,10125,Personal,350000,130761.18,6.24,3085.34,Active
30053,10159,Personal,250000,93608.25,7.9,1893.56,Active
30054,10177,Home,350000,325544.11,7.92,10189.36,Active
30055,10087,Vehicle,120000,65507.77,7.78,496.09,Active
30056,10176,Home,75000,32599.72,8.13,397.77,Active
30057,10199,Vehicle,120000,97097.24,7.13,3003.86,Active
30058,10049,Home,250000,204198.81,7.55,4096.58,Active
30059,10211,Home,40000,15653.55,7.42,185.16,Active
30060,10035,Personal,15000,6891.82,7.86,167.8,Active
30061,10215,Home,15000,9563.44,7.98,73.69,Active
30062,10051,Home,350000,233880.37,7.22,7245.1,Active
30063,10175,Home,180000,118428.42,6.7,1356.81,Active
30064,10151,Personal,180000,81542.44,7.92,625.04,Active
30065,10213,Personal,120000,44075.26,5.63,306.43,Active
30066,10200,Vehicle,75000,56838.7,7.33,1134.34,Active
30067,10167,Home,15000,13420.75,8.11,104.56,Active
30068,10003,Home,40000,30313.76,7.12,937.66,Active
30069,10058,Home,120000,95883.18,7.42,1917.66,Active
30070,10109,Vehicle,180000,115050.38,6.09,2229.06,Active
30071,10174,Personal,250000,179556.73,5.52,1104.78,Active
30072,10248,Vehicle,180000,126669.24,7.1,2514.18,Active
30073,10077,Personal,350000,136576.07,8.17,1069.54,Active
30074,10084,Vehicle,120000,91602.64,8.07,711.26,Active
30075,10077,Home,75000,68760.21,7.67,561.1,Active
30076,10104,Personal,40000,32176.34,7.27,641.24,Active
30077,10067,Vehicle,250000,148653.3,5.6,921.76,Active
30078,10147,Vehicle,180000,145390.76,6.1,1050.03,Active
30079,10164,Personal,180000,120529.5,7.78,912.77,Active
30080,10225,Personal,120000,49378.79,5.85,951.19,Active
30081,10186,Vehicle,40000,37862.47,7.93,290.48,Active
30082,10023,Home,75000,61413.92,6.33,1196.75,Active
30083,10096,Home,120000,77060.3,5.82,2338.04,Active
30084,10222,Personal,25000,16187.46,6.03,492.67,Active
30085,10223,Personal,120000,73230.91,7.85,1782.63,Active
30086,10036,Vehicle,180000,109402.36,7.04,1272.51,Active
30087,10037,Home,40000,33629.32,6.82,233.84,Active
30088,10046,Home,15000,5294.54,6.24,124.93,Active
30089,10148,Personal,350000,295639.0,7.61,7163.41,Active
30090,10158,Home,250000,151034.47,8.11,1841.26,Active
30091,10002,Home,75000,60773.64,8.07,1234.31,Active
30092,10194,Vehicle,75000,27096.54,5.51,166.56,Active
30093,10064,Home,180000,98391.26,5.78,692.47,Active
30094,10151,Home,25000,21725.54,6.31,423.15,Active
30095,10117,Personal,180000,112177.64,7.35,2704.49,Active
30096,10088,Vehicle,350000,201714.82,6.01,2240.46,Active
30097,10005,Home,40000,19321.99,5.56,133.57,Active
30098,10044,Home,15000,8795.57,7.23,69.41,Active
30099,10160,Home,15000,11505.62,7.26,356.63,Active
30100,10013,Personal,250000,157479.5,5.83,3032.09,Active
30101,10122,Personal,75000,59097.82,7.2,1175.79,Active
30102,10108,Personal,120000,89083.51,7.39,1052.33,Active
30103,10213,Vehicle,25000,13202.63,7.62,157.55,Active
30104,10051,Personal,120000,104861.31,8.13,2132.74,Active
30105,10181,Home,40000,14993.02,6.84,357.91,Active
30106,10177,Vehicle,180000,89592.9,5.53,2706.55,Active
30107,10233,Home,350000,155386.36,5.74,1090.06,Active
30108,10020,Personal,25000,23000.28,7.24,269.91,Active
30109,10076,Home,15000,6193.19,5.97,188.32,Active
30110,10219,Home,180000,111307.86,5.81,3376.63,Active
30111,10003,Vehicle,40000,22282.25,7.92,185.27,Active
30112,10069,Vehicle,25000,14618.8,6.43,447.59,Active
30113,10103,Home,350000,182439.2,6.54,2075.28,Active
30114,10205,Home,40000,16849.03,7.38,523.18,Active
30115,10242,Vehicle,25000,15302.44,7.1,119.56,Active
30116,10174,Home,250000,210218.38,7.15,1505.96,Active
30117,10226,Vehicle,40000,26173.61,6.82,301.48,Active
30118,10113,Home,120000,91516.0,5.53,563.63,Active
30119,10135,Personal,75000,72455.57,7.31,1445.33,Active
30120,10133,Personal,25000,15567.35,7.46,184.46,Active
30121,10089,Personal,250000,110913.08,7.73,909.17,Active
30122,10014,Home,40000,26740.3,6.77,307.32,Active
30123,10223,Home,350000,193199.76,6.39,3770.23,Active
30124,10013,Personal,250000,151016.13,6.13,1686.46,Active
30125,10114,Vehicle,350000,141908.38,6.85,2799.92,Active
30126,10031,Vehicle,15000,6219.98,6.61,46.78,Active
30127,10141,Home,25000,21220.59,8.1,165.19,Active
30128,10078,Vehicle,75000,57179.66,6.73,1124.96,Active
30129,10094,Vehicle,75000,66144.0,6.4,489.27,Active
30130,10154,Home,180000,144184.59,5.81,912.31,Active
30131,10057,Home,180000,157108.83,8.1,3193.12,Active
30132,10141,Personal,25000,9471.01,5.94,222.17,Active
30133,10211,Personal,250000,104346.44,7.15,2505.97,Active
30134,10031,Vehicle,250000,121455.35,7.73,2949.71,Active
30135,10184,Home,250000,94823.81,7.21,682.95,Active
30136,10151,Home,350000,223354.03,7.09,1743.75,Active
30137,10035,Vehicle,15000,10261.94,5.63,112.03,Active
30138,10215,Personal,40000,31433.81,5.97,737.79,Active
30139,10027,Home,180000,120166.09,6.54,898.76,Active
30140,10235,Personal,75000,39177.41,8.1,796.25,Active
30141,10116,Vehicle,40000,24401.19,7.39,178.58,Active
30142,10132,Home,180000,143726.55,8.03,1112.16,Active
30143,10056,Home,120000,93907.81,7.99,2292.12,Active
30144,10182,Personal,40000,26698.11,7.37,533.33,Active
30145,10182,Home,180000,126762.58,7.07,901.6,Active
30146,10182,Home,120000,108337.28,6.64,3327.34,Active
30147,10134,Home,250000,110388.96,7.31,2659.31,Active
30148,10069,Personal,40000,38785.02,7.35,935.07,Active
30149,10215,Home,120000,57422.47,6.96,1135.95,Active
30150,10209,Home,75000,61329.0,7.02,1469.17,Active
30151,10131,Personal,120000,94385.97,5.63,1030.43,Active
30152,10100,Home,180000,172525.49,5.65,1074.97,Active
30153,10065,Home,350000,305511.36,7.96,2349.9,Active
30154,10182,Personal,75000,62922.93,8.1,1278.86,Active
30155,10115,Home,25000,11694.88,5.97,83.58,Active
30156,10031,Home,250000,131460.18,6.21,3100.02,Active
30157,10150,Vehicle,15000,8373.82,7.42,202.16,Active
30158,10011,Home,180000,130686.23,7.59,973.42,Active
30159,10158,Vehicle,120000,79085.65,7.05,1567.86,Active
30160,10019,Personal,180000,122579.8,8.08,1031.42,Active
30161,10018,Personal,40000,24481.47,6.95,755.36,Active
30162,10090,Home,75000,57592.55,6.39,1123.9,Active
30163,10056,Vehicle,350000,342257.15,7.72,2578.43,Active
30164,10003,Home,180000,113538.67,7.94,945.45,Active
30165,10236,Personal,15000,11700.11,6.37,357.9,Active
30166,10099,Home,120000,43867.75,6.9,866.57,Active
30167,10132,Vehicle,350000,229840.44,6.3,1523.3,Active
30168,10050,Home,25000,23684.34,5.95,169.0,Active
30169,10137,Home,25000,12069.81,7.2,290.15,Active
30170,10222,Personal,25000,11987.88,7.74,90.47,Active
30171,10199,Home,25000,20513.53,5.92,226.92,Active
30172,10184,Home,25000,9903.66,5.98,191.37,Active
30173,10143,Home,75000,69294.12,6.6,790.35,Active
30174,10162,Home,180000,64915.44,7.32,515.83,Active
30175,10002,Personal,25000,20656.38,7.08,147.05,Active
30176,10218,Home,25000,13314.93,7.35,106.05,Active
30177,10023,Home,350000,206601.69,7.72,6447.49,Active
30178,10122,Home,75000,32694.02,6.56,244.91,Active
30179,10076,Vehicle,40000,21511.02,7.89,164.46,Active
30180,10166,Home,15000,10480.8,7.0,323.62,Active
